city,country,region,latitude,longitude,population,rent_1br_city_center,rent_3br_city_center,avg_net_salary,meal_inexpensive_restaurant,utilities_monthly_85m2,price_per_m2_city_center,internet_monthly_60mbps,monthly_pass_transport,avg_temp_c,temp_std_c,temp_trend_c,internet_users_pct,broadband_per_100,mobile_per_100,gdp_per_capita_usd,gini_index,urban_pop_pct,pop_growth_rate,rd_spending_pct_gdp,scientific_articles,high_tech_exports_pct,tertiary_enrollment_pct,adult_literacy_pct,edu_spending_pct_gdp,cwur_top_uni_score,cwur_avg_score,cwur_uni_count,cwur_patents,cwur_citations,cwur_research,times_top_uni_score,times_avg_research,times_avg_citations,times_uni_count,shanghai_top_score,shanghai_uni_count,so_developer_count,so_employed_dev_count,so_median_salary_usd,so_senior_dev_pct
Tokyo,Japan,Asia-Pacific,35.685,139.751389,31480498.0,1140.47,2526.51,2868.8,7.45,171.22,9144.73,32.85,74.45,16.425571072859153,7.602576504006746,0.1870888677928022,87.42393675412161,35.41522466526806,158.32039247948,38032.03392314085,32.73333333333333,91.84493230625218,-0.32545246345372386,3.3031016666666666,104709.802,17.7211408337315,62.868778228759766,,3.2190224528312674,78.23,46.26527027027027,74.0,386.68918918918916,538.4864864864865,667.4324324324324,71.1,20.853658536585368,27.048780487804876,41.0,38.9,26.0,55.0,44.0,62180.0,85.45454545454545
Shanghai,China,Asia-Pacific,31.045556,121.399722,14608512.0,1091.93,2952.7,1419.87,5.69,66.0,17746.11,17.07,28.47,17.47310973922043,8.89746766525824,0.8267777890149262,73.1260984862525,36.306782124322886,122.22173569683967,11644.208028618066,37.1,63.86706573821652,0.17213533016037938,2.3523866666666664,697534.788,29.699290295128304,64.10136892991642,96.7399978637695,3.89714002609253,54.26,44.81336956521739,92.0,577.9673913043479,641.9891304347826,601.0978260869565,72.0,24.439473684210526,28.97631578947368,38.0,,22.0,37.0,18.0,41786.0,54.054054054054056
Beijing,China,Asia-Pacific,29.346443,116.198733,,1199.13,2784.82,1562.35,4.27,55.64,17761.99,20.83,42.71,12.890326344532255,11.203416972079085,0.022389683684338024,73.1260984862525,36.306782124322886,122.22173569683967,11644.208028618066,37.1,63.86706573821652,0.17213533016037938,2.3523866666666664,697534.788,29.699290295128304,64.10136892991642,96.7399978637695,3.89714002609253,54.26,44.81336956521739,92.0,577.9673913043479,641.9891304347826,601.0978260869565,72.0,24.439473684210526,28.97631578947368,38.0,,22.0,37.0,18.0,41786.0,54.054054054054056
Seoul,South Korea,Asia-Pacific,37.5985,126.9783,10323448.0,742.54,2669.12,2689.62,7.68,182.13,22067.7,22.48,42.25,11.891277404760187,10.674068753127239,0.6795772175452601,,,,,,,,,,,,,,64.82,45.87916666666667,36.0,193.11111111111111,594.0555555555555,577.9166666666666,60.5,27.474999999999998,35.38333333333333,24.0,,10.0,13.0,8.0,47035.0,53.84615384615385
Singapore,Singapore,Asia-Pacific,1.2930556,103.8558333,3547809.0,2734.54,5414.5,4619.45,11.09,145.68,20752.74,35.02,94.65,27.91177638227227,1.2028443449995256,0.3854848186950832,92.71382857273682,27.06751542997188,160.97723822522832,75001.85874938015,,100.0,0.883113824397828,1.920492,12363.446,54.431329535397,94.25333240924306,97.39999961853027,2.6131867170333867,53.44,51.364999999999995,2.0,28.5,145.0,68.0,79.2,72.9,82.5,2.0,,2.0,23.0,18.0,107795.0,56.52173913043478
Hong Kong,Hong Kong,Asia-Pacific,22.2833333,114.15,,2294.53,4623.04,2994.43,7.7,199.78,31427.61,22.84,64.18,24.237867523218323,5.363841938043466,0.5883104533331434,93.22374653643116,38.56377356640825,296.1714400562405,48694.094969636724,,100.0,0.31906913331164155,0.988445,,69.22923501364905,92.61130276340494,,3.845718344052632,48.15,46.03333333333333,6.0,327.5,373.5,276.6666666666667,71.0,43.56666666666666,71.51666666666667,6.0,,1.0,,,,
Bangkok,Thailand,Asia-Pacific,13.753979,100.501444,5104475.0,594.58,2044.33,629.84,2.74,79.55,5534.11,15.46,37.44,28.84379277768138,1.9145563768054512,,77.34928418648308,15.394682152454017,172.02774995556217,7142.129782182244,34.833333333333336,57.82203547159832,0.12652028837162457,1.1481033333333333,15124.297999999999,25.3411599704623,44.3249237154231,92.04666392008464,2.9147110828795966,45.86,44.919999999999995,3.0,867.6666666666666,463.3333333333333,635.6666666666666,,10.857142857142858,24.52857142857143,7.0,,,23.0,11.0,33041.0,69.56521739130434
Jakarta,Indonesia,Asia-Pacific,-6.174444,106.829444,8540306.0,505.59,1172.14,509.12,2.59,83.88,2632.8,31.57,11.34,28.53679401185963,1.2038250994830944,0.609771625501569,56.51987313956895,4.186179521472103,125.54813959075584,4285.986785614478,35.68333333333333,56.59999896354927,0.8414112475078741,0.25943,31441.876,8.220393264447392,39.912383373358985,95.8300018310547,1.0243499150939306,,,,,,,,8.0,13.9,1.0,,,35.0,26.0,5546.0,48.57142857142857
Mumbai,India,Asia-Pacific,18.975,72.82583299999999,,522.4,1411.12,640.81,3.68,43.57,6092.45,9.33,4.91,,,,43.07010707798974,1.8972670941254466,82.17520725133546,2171.98469264707,25.5,34.284479466329564,0.9344816609041886,0.6550033333333333,159732.144,11.354490277953184,30.976433688437698,76.36482280108875,4.256515657356134,45.54,44.54875,16.0,620.5,618.6875,686.625,,17.641176470588235,28.923529411764704,17.0,,3.0,463.0,336.0,20923.0,44.06047516198704
Delhi,India,Asia-Pacific,28.666667,77.216667,10928270.0,229.84,601.02,586.46,4.91,58.07,2506.73,7.95,11.67,24.965682901804577,7.35297708979178,0.9443147993138581,43.07010707798974,1.8972670941254466,82.17520725133546,2171.98469264707,25.5,34.284479466329564,0.9344816609041886,0.6550033333333333,159732.144,11.354490277953184,30.976433688437698,76.36482280108875,4.256515657356134,45.54,44.54875,16.0,620.5,618.6875,686.625,,17.641176470588235,28.923529411764704,17.0,,3.0,463.0,336.0,20923.0,44.06047516198704
Bangalore,India,Asia-Pacific,12.983333,77.583333,4931603.0,240.59,639.32,969.96,3.07,24.93,1638.59,10.75,18.42,,,,43.07010707798974,1.8972670941254466,82.17520725133546,2171.98469264707,25.5,34.284479466329564,0.9344816609041886,0.6550033333333333,159732.144,11.354490277953184,30.976433688437698,76.36482280108875,4.256515657356134,45.54,44.54875,16.0,620.5,618.6875,686.625,,17.641176470588235,28.923529411764704,17.0,,3.0,463.0,336.0,20923.0,44.06047516198704
Kuala Lumpur,Malaysia,Asia-Pacific,3.166667,101.7,1453978.0,438.4,999.84,1290.67,3.42,53.07,2272.27,25.49,22.79,27.943845824934336,1.196005836931,0.49275871351239786,91.13100001265758,10.5106706789321,134.98157594961333,10970.53852862417,40.95,75.39648276376099,1.3693601368122135,1.00097,23289.260000000002,54.6604923024482,39.38546363799649,95.19666544596355,3.970567025568014,44.84,44.70666666666667,3.0,160.66666666666666,556.0,700.3333333333334,,15.14,19.28,5.0,,,19.0,12.0,18850.0,42.10526315789473
Manila,Philippines,Asia-Pacific,14.6042,120.9822,10443877.0,541.63,1704.49,429.13,3.59,98.89,3578.46,37.97,12.04,27.980274886768818,1.564227744510515,0.8893764014318002,60.14624171800465,6.487841900643627,136.09200781993601,3438.902825330053,40.766666666666666,54.2328939926117,1.0124450485591325,0.28591,3355.66,64.24203147528723,34.343404617386184,97.375,3.69943156698082,,,,,,,,,,,,,39.0,27.0,7901.0,46.15384615384615
Ho Chi Minh City,Vietnam,Asia-Pacific,10.75,106.666667,3467426.0,493.77,1207.45,487.51,2.04,74.15,4404.92,11.48,5.51,,,,73.28158467325505,18.224455481494033,138.93935432835852,3728.748578466498,36.199999999999996,36.07790192652022,0.8824640706153287,0.4186733333333333,7772.38,41.90156540913208,37.44370363085748,95.939998626709,3.085891842431846,,,,,,,,,,,,,36.0,22.0,11464.0,33.33333333333333
Sydney,Australia,Asia-Pacific,-33.861481,151.205475,4394585.0,1720.76,3362.87,4683.94,13.59,133.25,11820.92,50.66,147.73,14.51433419988446,5.061624459695499,1.1554091540035145,94.58654912333333,35.38260393311332,108.63616407351451,59262.53091287157,34.05,87.30940717889426,1.345271538162505,1.843045,59722.7,22.38617494159037,107.79971313476567,,5.262163480122884,51.61,45.812222222222225,27.0,508.22222222222223,459.1111111111111,435.962962962963,75.4,32.832258064516125,60.60322580645161,31.0,30.2,18.0,216.0,147.0,102715.0,80.0925925925926
Melbourne,Australia,Asia-Pacific,-37.813938,144.963425,3730212.0,1284.94,2385.93,4052.92,15.63,148.65,6263.8,51.57,108.05,18.53220175755387,4.291960068254041,1.2717986333384097,94.58654912333333,35.38260393311332,108.63616407351451,59262.53091287157,34.05,87.30940717889426,1.345271538162505,1.843045,59722.7,22.38617494159037,107.79971313476567,,5.262163480122884,51.61,45.812222222222225,27.0,508.22222222222223,459.1111111111111,435.962962962963,75.4,32.832258064516125,60.60322580645161,31.0,30.2,18.0,216.0,147.0,102715.0,80.0925925925926
London,United Kingdom,Europe,51.514125,-0.093689,7421228.0,2417.07,4000.78,4033.84,18.45,299.36,14704.63,35.92,184.5,11.578025573478643,5.547328039142811,0.21091993181907398,94.18930666974946,40.71111083579812,119.37371891091682,45394.551424162695,32.9,82.87345734935796,0.6262915391930096,2.774596666666667,105378.268,24.72526060211715,72.16599019368489,,5.4529324769973755,96.81,48.004615384615384,65.0,478.5846153846154,350.89230769230767,440.3538461538462,94.2,31.04025974025974,60.900000000000006,77.0,68.8,33.0,610.0,456.0,95299.0,83.44262295081967
London,United Kingdom,Europe,51.514125,-0.093689,7421228.0,1348.08,2559.89,3446.3,16.68,129.73,7101.66,59.7,70.41,11.578025573478643,5.547328039142811,0.21091993181907398,94.18930666974946,40.71111083579812,119.37371891091682,45394.551424162695,32.9,82.87345734935796,0.6262915391930096,2.774596666666667,105378.268,24.72526060211715,72.16599019368489,,5.4529324769973755,96.81,48.004615384615384,65.0,478.5846153846154,350.89230769230767,440.3538461538462,94.2,31.04025974025974,60.900000000000006,77.0,68.8,33.0,610.0,456.0,95299.0,83.44262295081967
Paris,France,Europe,48.866667,2.333333,2110694.0,1365.19,3027.12,2752.34,15.81,199.44,13043.59,31.36,79.03,12.183865594901876,6.5533952975507415,-0.4336852803880884,84.72574830925612,46.78754441984153,112.34357825162216,41735.033352761166,31.46666666666667,78.72475327489074,0.358321316175051,2.214236666666667,68089.612,23.44473871243,69.3419583638509,,5.43845796585083,59.2,46.03037037037037,54.0,568.7407407407408,510.25925925925924,546.0185185185185,69.0,21.089285714285715,56.68571428571429,28.0,24.9,6.0,370.0,248.0,69609.0,72.70270270270271
Berlin,Germany,Europe,52.516667000000005,13.4,3398362.0,1321.9,2447.03,3158.05,12.64,308.3,8604.37,40.24,89.57,,,,90.08690003200543,43.40817790245208,126.93476845426066,50266.62877304249,32.78,81.54008621704754,0.1266035502337446,3.092715,114111.83200000001,16.383777161347535,74.31398646036786,,5.206821918487548,52.32,46.205535714285716,56.0,439.44642857142856,368.07142857142856,386.64285714285717,77.3,40.94615384615385,67.45384615384614,39.0,32.2,15.0,896.0,692.0,81210.0,76.11607142857143
Amsterdam,Netherlands,Europe,52.35,4.916667,745811.0,1799.7,3034.43,3655.44,19.49,281.94,9815.34,49.7,104.85,10.724838795053174,6.100984059512623,0.6714899913631047,93.01554728598647,42.91434313439584,121.86906147653333,57293.135869764315,27.25,94.28109036783395,0.7102424819507571,2.19435,33336.19,22.866037104242903,86.24331092834473,,5.2340740203857425,51.78,48.23846153846154,13.0,395.15384615384613,179.69230769230768,180.6153846153846,70.0,54.76153846153846,79.91538461538462,13.0,29.8,11.0,269.0,202.0,81210.0,80.66914498141264
Madrid,Spain,Europe,40.408566,-3.69222,3102644.0,1056.14,1813.42,2089.54,12.64,166.08,5612.64,38.1,57.48,14.954295061461115,7.903852427223572,0.2732031513041022,92.31004328348767,34.505367916101484,119.75534260335866,30372.51455958717,34.13333333333333,79.792757351824,0.6255915751283105,1.361325,64100.240000000005,8.820202663868157,93.29863230387367,98.90999857584633,4.520580005645754,49.79,44.830975609756095,41.0,461.5853658536585,574.1951219512196,564.0487804878048,53.8,17.424,43.98,25.0,,13.0,184.0,140.0,68449.0,82.6086956521739
Barcelona,Spain,Europe,41.398371,2.1741,1570378.0,1083.72,1798.22,1978.23,14.75,170.85,5103.12,40.15,42.15,16.54991338241663,5.9226119398048755,0.2757444968318268,92.31004328348767,34.505367916101484,119.75534260335866,30372.51455958717,34.13333333333333,79.792757351824,0.6255915751283105,1.361325,64100.240000000005,8.820202663868157,93.29863230387367,98.90999857584633,4.520580005645754,49.79,44.830975609756095,41.0,461.5853658536585,574.1951219512196,564.0487804878048,53.8,17.424,43.98,25.0,,13.0,184.0,140.0,68449.0,82.6086956521739
Rome,Italy,Europe,41.9,12.483333,2643736.0,1070.3,2284.37,1579.61,16.33,197.83,7125.32,29.26,36.88,15.958175453790913,6.330619693033764,0.5710831807564496,76.61203711682764,30.34928344598302,132.37717338004117,35431.98570160407,34.63333333333333,69.50118940233882,-0.28520353600658627,1.42154,84317.97,8.455821888190918,70.00138727823891,99.3499984741211,4.195271968841552,49.97,45.25212765957447,47.0,672.1063829787234,460.82978723404256,478.468085106383,57.1,20.288235294117644,66.49705882352941,34.0,,18.0,213.0,146.0,46406.0,74.17840375586854
Milan,Italy,Europe,45.466667,9.2,1156903.0,1335.89,2766.72,1897.64,21.07,216.3,9364.19,29.7,41.1,12.626007749139653,8.072215702352148,1.02933127311778,76.61203711682764,30.34928344598302,132.37717338004117,35431.98570160407,34.63333333333333,69.50118940233882,-0.28520353600658627,1.42154,84317.97,8.455821888190918,70.00138727823891,99.3499984741211,4.195271968841552,49.97,45.25212765957447,47.0,672.1063829787234,460.82978723404256,478.468085106383,57.1,20.288235294117644,66.49705882352941,34.0,,18.0,213.0,146.0,46406.0,74.17840375586854
Vienna,Austria,Europe,48.2,16.366667,1569315.0,997.3,2042.51,2735.42,15.81,216.55,9318.15,34.15,34.77,10.816354016354015,8.352302913464063,1.1769619307919648,90.70644729054375,28.9915684216391,121.56813048060984,52060.233350858405,30.599999999999998,68.66025394099596,0.6213910717402672,3.191413333333333,14068.298,12.87651146709895,90.17235056559247,,5.3657940864563,47.03,44.987500000000004,12.0,550.3333333333334,522.0,575.3333333333334,54.2,22.842857142857145,61.771428571428565,7.0,,5.0,121.0,85.0,81210.0,82.64462809917356
Zurich,Switzerland,Europe,47.366667,8.55,346185.0,2072.52,3958.91,6782.99,26.71,250.12,19152.85,52.59,96.16,9.81559335909753,7.484597839825989,0.8443670205773888,94.7771038639196,46.7422097437077,126.3972705677895,90653.31974879345,33.68,82.78664840061242,0.8401727194231529,3.2067433333333333,23761.856,18.771671513648982,69.7971789042155,,5.022170066833494,66.93,50.39666666666667,9.0,400.22222222222223,205.0,278.6666666666667,88.3,41.45,75.65,10.0,30.1,6.0,163.0,131.0,136392.0,82.20858895705521
Stockholm,Sweden,Europe,59.333333,18.05,1253309.0,1375.6,2301.49,3021.18,12.59,102.95,11124.31,34.07,93.94,7.5602849681697295,8.053136923182967,0.32935632297451,93.94385534100564,40.09639502908675,129.8500868617305,54778.4555419769,29.816666666666666,88.05570480227097,0.7753272667835894,3.455686666666667,21913.322,15.436897730434582,79.81381988525389,,7.6472000122070325,52.79,47.54545454545455,11.0,849.7272727272727,237.0,276.8181818181818,77.5,41.21818181818182,76.54545454545455,11.0,31.9,8.0,174.0,134.0,69182.0,82.18390804597702
Oslo,Norway,Europe,59.916667,10.75,808690.0,1436.01,2334.05,3645.72,20.55,244.58,9925.38,50.07,83.64,5.4440850491560004,8.549748368649048,0.47508920814227107,97.68320044400393,44.037978757061516,109.15028600090767,86233.84680320752,27.7,82.72188321209487,0.749231411903246,1.9508400000000001,13396.841999999999,22.637441818626417,90.82398859659831,,7.2451121330261214,50.81,46.524,5.0,621.2,264.6,375.2,55.1,30.175,69.125,4.0,29.4,3.0,55.0,42.0,87957.0,78.18181818181819
Copenhagen,Denmark,Europe,55.666667,12.583333,1089958.0,1765.18,2669.65,3670.25,19.85,203.32,7808.48,37.29,73.71,8.557137186981308,6.674745742987944,0.9037942650652955,97.90272425620918,44.28200271769614,125.38304584559067,64479.98261212828,28.483333333333334,88.2928968863252,0.5179522481863583,2.918176666666667,15534.351999999999,14.112394081242833,82.5498644510905,,7.06082191467285,52.51,48.054,5.0,270.6,185.8,266.2,61.0,32.15,79.45,6.0,35.7,5.0,97.0,75.0,97744.5,81.44329896907216
Helsinki,Finland,Europe,60.17555600000001,24.934167,558457.0,1044.71,2115.81,2874.65,13.7,108.82,8746.09,22.85,68.49,5.928946861995141,9.107486167538108,0.5391584375853418,91.66305374192274,33.4477072308578,128.73513156497816,50535.850367907,27.516666666666666,73.20740806849061,0.22748323746505683,2.93521,11540.904,9.641059982484585,99.56490961710624,,6.483196067810058,50.04,45.44888888888889,9.0,619.6666666666666,538.5555555555555,456.1111111111111,61.9,26.099999999999998,58.099999999999994,9.0,28.2,5.0,79.0,64.0,85851.0,78.48101265822784
Warsaw,Poland,Europe,52.25,21.0,1651676.0,793.08,1466.44,1286.21,7.89,198.99,4469.94,13.45,24.79,9.029353736586305,8.719538905763859,1.6783024955832726,83.31555273531131,22.356892740757814,131.21460788845215,17892.608872899717,28.900000000000002,59.902819905200666,-0.5748562623924083,1.3811316666666666,37809.022,10.55243426815957,72.87964375813804,,4.584351921081544,44.94,44.34111111111111,9.0,694.5555555555555,555.0,685.0,,10.12857142857143,28.542857142857144,7.0,,2.0,224.0,133.0,60000.0,69.64285714285714
Prague,Czechia,Europe,50.083333,14.466667,1154508.0,945.17,1677.54,1686.36,8.65,267.29,7798.05,22.72,23.79,8.933027765747557,8.064566419435124,1.3857079700397836,82.68312920623184,35.925452853829334,124.67674734539533,26496.97059374918,25.71666666666667,72.74601156359448,0.41882150605816465,1.8958266666666665,15651.207999999999,20.890350480510666,68.0391031901042,,4.452474021911622,46.32,44.68,5.0,635.2,515.6,655.2,,14.38888888888889,39.75555555555556,9.0,,1.0,139.0,75.0,65528.0,78.41726618705036
Budapest,Hungary,Europe,47.5,19.083333,1708088.0,492.44,886.09,974.48,8.23,154.04,3407.13,12.82,24.43,10.872391228513347,8.821267984111874,0.9884806221466107,85.07515651692574,34.30138556398845,104.97437038240867,18282.35542201602,,70.31269554868943,-0.2321938343450898,1.491445,7840.846,17.554914663052084,56.48385747273763,,4.277003955841065,44.92,44.41166666666667,6.0,575.8333333333334,582.5,709.1666666666666,,11.216666666666667,26.416666666666668,6.0,,1.0,76.0,53.0,48609.0,80.26315789473685
Lisbon,Portugal,Europe,38.716667,-9.133333,517798.0,1242.34,2149.25,1125.31,12.64,130.77,5757.09,35.58,42.15,17.014030458565266,4.886094141450322,-1.0244890380056155,80.14417796160366,40.61645281467194,118.30866471889384,24358.41608160935,34.300000000000004,61.12806777752787,0.44366334529564205,1.567995,17586.735999999997,6.54862061747809,70.77053705851237,,4.69920597076416,46.43,44.95428571428572,7.0,477.14285714285717,480.14285714285717,467.0,,23.785714285714285,41.285714285714285,7.0,,3.0,64.0,48.0,63808.0,76.5625
New York,USA,Americas,40.7141667,-74.0063889,8107916.0,3851.51,7146.84,5944.31,25.0,180.61,14784.44,69.77,129.0,,,,90.96606513045386,35.86616380999083,106.77204724514716,69776.13936928129,41.15,80.0866538923035,0.5124207190131268,3.3256383333333335,457203.034,19.831678760656516,85.59451293945311,,5.167044997215273,100.0,50.05813852813853,231.0,367.8787878787879,321.9264069264069,416.0735930735931,,,,,,,2135.0,1609.0,150000.0,80.23419203747073
San Francisco,USA,Americas,37.775,-122.4183333,732072.0,,,,,,,,,14.107685917578646,3.1439147090693744,0.7739254554785742,90.96606513045386,35.86616380999083,106.77204724514716,69776.13936928129,41.15,80.0866538923035,0.5124207190131268,3.3256383333333335,457203.034,19.831678760656516,85.59451293945311,,5.167044997215273,100.0,50.05813852813853,231.0,367.8787878787879,321.9264069264069,416.0735930735931,,,,,,,2135.0,1609.0,150000.0,80.23419203747073
Los Angeles,USA,Americas,34.0522222,-118.2427778,3877129.0,2527.29,4630.53,5456.15,20.0,140.05,9219.44,67.95,99.5,17.118407619596677,3.2849812140553483,0.7489987215736775,90.96606513045386,35.86616380999083,106.77204724514716,69776.13936928129,41.15,80.0866538923035,0.5124207190131268,3.3256383333333335,457203.034,19.831678760656516,85.59451293945311,,5.167044997215273,100.0,50.05813852813853,231.0,367.8787878787879,321.9264069264069,416.0735930735931,,,,,,,2135.0,1609.0,150000.0,80.23419203747073
Chicago,USA,Americas,41.85,-87.65,2841952.0,1969.12,3972.22,4819.49,20.0,163.78,3498.0,62.56,80.0,10.344092416378317,10.928694148187107,-0.043735957269662507,90.96606513045386,35.86616380999083,106.77204724514716,69776.13936928129,41.15,80.0866538923035,0.5124207190131268,3.3256383333333335,457203.034,19.831678760656516,85.59451293945311,,5.167044997215273,100.0,50.05813852813853,231.0,367.8787878787879,321.9264069264069,416.0735930735931,,,,,,,2135.0,1609.0,150000.0,80.23419203747073
Toronto,Canada,Americas,43.666667,-79.416667,4612187.0,1728.5,2733.4,3249.79,18.53,127.96,9834.67,54.91,115.62,8.826630920464702,10.532661315562885,,93.48921798666667,41.00026259800775,89.59619203286405,49965.612611354154,31.360000000000003,82.04841072077916,1.5402991491979103,1.82019,66452.544,16.195052508454566,75.4306271870931,,4.8285440444946275,60.04,46.78454545454546,33.0,528.7272727272727,342.8787878787879,419.6969696969697,83.9,36.244,58.872,25.0,40.6,19.0,424.0,299.0,91198.0,79.24528301886792
Vancouver,Canada,Americas,49.25,-123.133333,1837970.0,1799.96,3373.09,3474.89,18.16,91.93,9983.22,62.95,95.24,10.490776066443722,5.655714725533085,,93.48921798666667,41.00026259800775,89.59619203286405,49965.612611354154,31.360000000000003,82.04841072077916,1.5402991491979103,1.82019,66452.544,16.195052508454566,75.4306271870931,,4.8285440444946275,60.04,46.78454545454546,33.0,528.7272727272727,342.8787878787879,419.6969696969697,83.9,36.244,58.872,25.0,40.6,19.0,424.0,299.0,91198.0,79.24528301886792
Mexico City,Mexico,Americas,19.4326,-99.1332,9209944.0,766.53,1480.77,718.92,7.74,48.85,2769.15,26.67,15.69,17.03398940652462,2.5799307455137286,0.8641171654616535,72.20395371810831,18.0862636984065,101.16194760872914,10812.737394274647,44.699999999999996,78.77777414344445,0.8349836139707887,0.2773466666666667,19863.612,20.190936245883982,44.89655049641925,95.443788104401,4.234304904937745,45.58,44.92,2.0,553.0,398.0,386.0,,26.450000000000003,19.1,2.0,,1.0,55.0,41.0,31583.0,63.63636363636363
Sao Paulo,Brazil,Americas,-23.473293,-46.665803,10021437.0,567.7,990.82,445.67,7.66,69.27,2542.37,21.55,45.98,20.275458421141874,3.4869333458004177,0.31219072488640975,78.50961040729916,18.60716903548145,100.78554498873929,8839.357900350498,52.083333333333336,87.0224491987064,0.5160425201464348,1.17277,68176.936,11.353865189212184,55.967813873291014,94.26484563371746,5.787932014465334,49.31,44.632777777777775,18.0,678.2777777777778,619.8333333333334,620.2222222222222,,17.670588235294115,15.729411764705885,17.0,,4.0,210.0,147.0,27306.0,68.57142857142857
Buenos Aires,Argentina,Americas,8.859575999999999,-83.50224200000001,11680.0,311.84,627.35,403.51,6.12,48.19,2518.29,21.87,10.0,17.175832641221007,5.93652837336504,0.8556701354369487,84.65272898245918,22.14980801501605,129.54166318441884,11534.404659500264,42.199999999999996,91.98421837885859,0.4637000363885188,0.5303183333333333,9512.128,5.357287498028811,101.29887389932867,99.1399993896484,4.896016677220664,45.37,44.5175,4.0,837.5,569.25,628.75,,9.0,12.5,1.0,,,58.0,37.0,54425.0,70.6896551724138
Bogota,Colombia,Americas,4.649178,-74.062827,7102602.0,335.29,611.61,299.87,3.15,67.58,1444.09,19.69,26.22,13.565590111642743,1.0227408736377375,0.8668546073855925,70.34837142273254,15.567625606085665,144.64506013382618,6422.184010575555,53.833333333333336,77.75571329854016,1.3912107419667317,0.3079133333333333,9173.617999999999,8.565711304462788,57.465202331542955,95.40126319825725,4.740480105082193,44.43,44.245000000000005,2.0,805.0,620.0,884.5,,17.450000000000003,23.0,2.0,,,23.0,19.0,30000.0,73.91304347826086
Lima,Peru,Americas,-12.05,-77.05,7646786.0,511.24,954.12,489.76,3.92,71.32,1962.17,30.91,15.66,19.49486516492827,2.7649960897826937,1.1127219958617367,67.58737652320339,8.806522749131995,125.14820350783066,7035.533255810693,41.449999999999996,83.73515498851604,1.290076590578342,0.15529833333333334,3115.16,4.602811592553602,,94.4550018310547,3.9680883089701315,,,,,,,,,,,,,10.0,4.0,103088.0,80.0
Santiago,Chile,Americas,-33.45,-70.666667,4837248.0,456.08,835.52,638.03,9.05,138.18,2279.57,23.72,45.27,,,,89.064220945,20.383642629629534,133.45560424159183,15324.916444409935,45.1,88.3843691911005,0.9596520244859486,0.359904,8733.102,10.102902733485601,95.44501241048175,,5.32870807647705,45.31,44.6725,4.0,508.75,617.5,632.75,,13.333333333333334,28.8,6.0,,1.0,24.0,14.0,31809.0,87.5
Dubai,UAE,Middle East,25.258172,55.304717,1137376.0,1793.25,3272.26,4322.14,12.25,192.01,3752.32,97.02,95.29,28.679458945569635,6.047377545997229,1.5905542733897704,,,,,,,,,,,,,,,,,,,,,,,,,,,,,
Abu Dhabi,UAE,Middle East,24.466667,54.36666700000001,603687.0,1574.22,2527.12,3541.4,8.17,148.74,3234.7,100.67,21.78,28.255446033121512,6.262394149498767,0.9627082695324383,,,,,,,,,,,,,,,,,,,,,,,,,,,,,
Tel Aviv,Israel,Middle East,32.066666999999995,34.766667,,,,,,,,,,21.249324753733717,5.193369972668198,,88.30574922826516,29.191503963643868,140.758760648084,48402.18569940006,38.17999999999999,91.56369283992058,2.0419888870270317,5.731411666666666,14049.16,27.911349363655734,58.34222539265951,,6.151325988769532,65.71,51.18714285714286,7.0,166.57142857142858,397.7142857142857,266.57142857142856,50.5,32.88333333333333,44.083333333333336,6.0,,4.0,72.0,56.0,134834.5,72.22222222222221
Istanbul,Turkey,Middle East,41.018611,28.964722,9797536.0,554.82,1040.98,383.04,5.37,68.88,2374.69,8.9,32.31,15.53755233145662,7.528381956713551,1.1904564792871426,,,,,,,,,,,,,,44.87,44.333999999999996,10.0,863.1,575.4,734.7,,19.400000000000002,33.67272727272727,11.0,,2.0,74.0,43.0,22723.0,52.702702702702695
Cairo,Egypt,Africa & Middle East,30.05,31.25,7734602.0,196.83,400.03,200.4,4.07,26.53,549.42,16.37,13.23,22.597804751755113,5.874625082455055,1.111168325895413,,,,,,,,,,,,,,44.25,44.095,4.0,871.0,578.0,889.0,,8.4,14.0,3.0,,1.0,37.0,24.0,8588.0,32.432432432432435
Nairobi,Kenya,Africa & Middle East,-1.2833333,36.8166667,2750561.0,414.88,979.8,455.52,4.28,28.18,1415.61,52.18,32.61,19.717192652775474,2.0721340243220583,0.2920565352321596,25.88846201863618,1.389696741705004,114.47062534038257,1973.005427951095,37.800000000000004,31.356943293314885,1.9604957055250318,0.60539,1713.5939999999998,3.6246359909323753,9.587163424047045,,4.815112313657649,,,,,,,,9.0,19.5,1.0,,,29.0,13.0,9596.0,20.689655172413794
Lagos,Nigeria,Africa & Middle East,6.453056,3.395833,8789133.0,1406.6,4929.84,214.64,3.71,28.27,746.59,52.83,33.77,27.22969589868198,1.6718754355581307,0.1263301915475843,34.016266825,0.038538954211746364,92.53177671151364,2645.0481658932467,34.5,60.16661913274564,2.1540440982194133,0.28444,7884.76,3.793095719263505,,63.1599998474121,0.3646033330447227,,,,,,,,11.1,4.6,1.0,,,25.0,4.0,904.0,20.0
Lagos,Nigeria,Africa & Middle East,6.453056,3.395833,8789133.0,882.51,1650.87,923.29,8.43,101.86,3517.33,42.15,42.15,27.22969589868198,1.6718754355581307,0.1263301915475843,34.016266825,0.038538954211746364,92.53177671151364,2645.0481658932467,34.5,60.16661913274564,2.1540440982194133,0.28444,7884.76,3.793095719263505,,63.1599998474121,0.3646033330447227,,,,,,,,11.1,4.6,1.0,,,25.0,4.0,904.0,20.0
Johannesburg,South Africa,Africa & Middle East,-26.205171,28.049815,2026466.0,396.6,756.77,1502.75,8.55,106.1,735.61,49.89,62.48,,,,72.63469950333332,2.57044346575414,162.373819492014,6404.295014378154,54.1,63.456103647058534,1.5394566413875266,0.6261099999999999,15422.789999999999,5.3026000830427416,22.79577745078015,92.5099983215332,6.093485037485759,48.75,46.098,5.0,384.2,351.0,492.6,56.1,27.233333333333334,46.15,6.0,,5.0,49.0,32.0,55871.5,77.55102040816327
Casablanca,Morocco,Africa & Middle East,33.592779,-7.619157,3609698.0,426.32,784.59,470.72,3.45,37.98,1863.17,36.34,21.72,,,,83.67915177652742,5.759153058781976,136.28784993070352,3556.770996093752,,62.16814937553695,1.0328377736605299,,6499.647999999999,4.581965222667908,41.44448108052617,,5.637286088973366,,,,,,,,6.3,12.1,1.0,,,9.0,6.0,12533.0,33.33333333333333
